{
  "ABIRoot": {
    "kind": "Root",
    "name": "TopLevel",
    "printedName": "TopLevel",
    "children": [
      {
        "kind": "Import",
        "name": "Valet",
        "printedName": "Valet",
        "declKind": "Import",
        "moduleName": "MyBinaryFramework"
      },
      {
        "kind": "TypeDecl",
        "name": "MyBinaryFramework",
        "printedName": "MyBinaryFramework",
        "children": [
          {
            "kind": "Var",
            "name": "valet",
            "printedName": "valet",
            "children": [
              {
                "kind": "TypeNominal",
                "name": "Valet",
                "printedName": "Valet.Valet",
                "usr": "c:@M@Valet@objc(cs)VALValet"
              }
            ],
            "declKind": "Var",
            "usr": "s:17MyBinaryFrameworkAAV5valet5ValetADCvp",
            "mangledName": "$s17MyBinaryFrameworkAAV5valet5ValetADCvp",
            "moduleName": "MyBinaryFramework",
            "declAttributes": [
              "HasInitialValue",
              "HasStorage"
            ],
            "isLet": true,
            "hasStorage": true,
            "accessors": [
              {
                "kind": "Accessor",
                "name": "Get",
                "printedName": "Get()",
                "children": [
                  {
                    "kind": "TypeNominal",
                    "name": "Valet",
                    "printedName": "Valet.Valet",
                    "usr": "c:@M@Valet@objc(cs)VALValet"
                  }
                ],
                "declKind": "Accessor",
                "usr": "s:17MyBinaryFrameworkAAV5valet5ValetADCvg",
                "mangledName": "$s17MyBinaryFrameworkAAV5valet5ValetADCvg",
                "moduleName": "MyBinaryFramework",
                "implicit": true,
                "accessorKind": "get"
              }
            ]
          },
          {
            "kind": "Function",
            "name": "save",
            "printedName": "save(_:forKey:)",
            "children": [
              {
                "kind": "TypeNominal",
                "name": "Void",
                "printedName": "()"
              },
              {
                "kind": "TypeNominal",
                "name": "String",
                "printedName": "Swift.String",
                "usr": "s:SS"
              },
              {
                "kind": "TypeNominal",
                "name": "String",
                "printedName": "Swift.String",
                "usr": "s:SS"
              }
            ],
            "declKind": "Func",
            "usr": "s:17MyBinaryFrameworkAAV4save_6forKeyySS_SStKFZ",
            "mangledName": "$s17MyBinaryFrameworkAAV4save_6forKeyySS_SStKFZ",
            "moduleName": "MyBinaryFramework",
            "static": true,
            "declAttributes": [
              "AccessControl"
            ],
            "throwing": true,
            "funcSelfKind": "NonMutating"
          },
          {
            "kind": "Function",
            "name": "load",
            "printedName": "load(forKey:)",
            "children": [
              {
                "kind": "TypeNominal",
                "name": "String",
                "printedName": "Swift.String",
                "usr": "s:SS"
              },
              {
                "kind": "TypeNominal",
                "name": "String",
                "printedName": "Swift.String",
                "usr": "s:SS"
              }
            ],
            "declKind": "Func",
            "usr": "s:17MyBinaryFrameworkAAV4load6forKeyS2S_tKFZ",
            "mangledName": "$s17MyBinaryFrameworkAAV4load6forKeyS2S_tKFZ",
            "moduleName": "MyBinaryFramework",
            "static": true,
            "declAttributes": [
              "AccessControl"
            ],
            "throwing": true,
            "funcSelfKind": "NonMutating"
          },
          {
            "kind": "Constructor",
            "name": "init",
            "printedName": "init()",
            "children": [
              {
                "kind": "TypeNominal",
                "name": "MyBinaryFramework",
                "printedName": "MyBinaryFramework.MyBinaryFramework",
                "usr": "s:17MyBinaryFrameworkAAV"
              }
            ],
            "declKind": "Constructor",
            "usr": "s:17MyBinaryFrameworkAAVABycfc",
            "mangledName": "$s17MyBinaryFrameworkAAVABycfc",
            "moduleName": "MyBinaryFramework",
            "implicit": true,
            "init_kind": "Designated"
          }
        ],
        "declKind": "Struct",
        "usr": "s:17MyBinaryFrameworkAAV",
        "mangledName": "$s17MyBinaryFrameworkAAV",
        "moduleName": "MyBinaryFramework",
        "declAttributes": [
          "AccessControl"
        ]
      }
    ],
    "json_format_version": 8
  },
  "ConstValues": [
    {
      "filePath": "\/Users\/cpacheco\/projects\/MyBinaryFramework\/Sources\/MyBinaryFramework\/MyBinaryFramework.swift",
      "kind": "StringLiteral",
      "offset": 156,
      "length": 19,
      "value": "\"MyBinaryFramework\""
    }
  ]
}